"","name","thumbnail","url","ghuser","ghrepo","tags","cran","ghauthor","short","description"
"1","ggQQunif","images/ggQQunif.png","https://github.com/rcorty/ggQQunif","rcorty","ggQQunif","visualization,quantiles,p-values,statistics,big data","true","rcorty","Make QQ plots for big data expected to be uniformly distributed, e.g. p-values.","For ""big data"" applications, we often have thousands or millions of p-values.The QQ-plot is a standard way to evaluate them, but can be horrifyingly slow when there are many p-values.This package computes where all the points would go in the naive implementation, then thins them strategically to greatly reduce overplotting, resulting in much faster plotting."
"2","ggupset","images/ggupset.png","https://github.com/const-ae/ggupset","const-ae","ggupset","visualization,upset,combination matrix","true","const-ae","Combination Matrix Axis for 'ggplot2' to Create 'UpSet' Plots","Replace the standard x-axis in 'ggplots' with a combination matrixto visualize complex set overlaps. 'UpSet' has introduced a new way to visualizethe overlap of sets as an alternative to Venn diagrams. This package provides a simple way to produce such plots using 'ggplot2'. In addition it can convert any categorical axis into a combinationmatrix axis."
"3","xmrr","images/xmr_chart.png","https://github.com/Zanidean/xmrr","Zanidean","xmrr","XmR, Visualization, Control Charts, QC, XBar","true","Alex Zanidean","Generate XMR Control Chart Data from Time-Series Data.","Use xmr() for XmR data which re-calculates to signal true change, and use xmr_chart() for XmR style control charts with recalculated process limits."
"4","ggpcp","images/ggpcp.png","https://github.com/heike/ggpcp","heike","ggpcp","visualization,parallel coordinate plot,multivariate, categorical","true","heike","Generalized Parallel Coordinate Plots in ggplot2","Parallel coordinate plots (PCP) are good for visualizing observations across multipledimensions by placing variables side-by-side and connecting values from the same observationwith a line segment. Generalized Parallel Coordinate Plots can also seamlessly deal with a mix of categorical and numeric variables in a single plot."
"5","gg3D","images/gg3D.png","https://github.com/AckerDWM/gg3D","AckerDWM","gg3D","3D, Visualization","false","Daniel Acker","3D perspective plots for ggplot2","gg3D adds 3D axes, 3D perspective projections with arbitrary rotations, and 3D wireframe plots to ggplot."
"6","ggQC","images/ggQC.png","https://github.com/kenithgrey/ggQC","kenithgrey","ggQC","QC, XmR, XbarR, SixSigma, Visualization","true","Kenith Grey","Use ggQC to plot single, faceted and multi-layered quality control charts .","ggQC is used to create single, faceted, or multi-layered quality control charts using functions stat_QC(), stat_QC_lines() and stat_mR(). Supported charts include XmR, XbarR, n, c, p, np and more."
"7","ggdist","images/ggdist.png","https://mjskay.github.io/ggdist","mjskay","ggdist","visualization,uncertainty,confidence,probability","true","mjskay","'ggdist' provides stats and geoms for visualizing distributions and uncertainty.","'ggdist' provides stats and geoms for visualizing distributions that are particularly tuned forvisualizing uncertainty in either a frequentist or Bayesian mode. Both analytical distributions (such asfrequentist confidence distributions or Bayesian priors) and distributions represented as samples (such asbootstrap distributions or Bayesian posterior samples) are easily visualized. Visualization primitives includebut are not limited to"
"8","ggedit","images/ggedit.png","https://github.com/metrumresearchgroup/ggedit","metrumresearchgroup","ggedit","visualization, interactive, shiny, general,themes","true","yonicd","ggedit is aimed to interactively edit ggplot layers, scales and themes aesthetics","ggedit is aimed to allows novice and expert ggplot2 users to interactively edit ggplot layers, scales and themes aesthetics, while returning objects and scripts of updated plots using shiny gadgets and modules."
"9","ggpage","images/ggpage.png","https://emilhvitfeldt.github.io/ggpage/","emilhvitfeldt","ggpage","visualization,text","true","emilhvitfeldt","Creates Page Layout Visualizations.","Facilitates the creation of page layoutvisualizations in which words are represented as rectangles with sizesrelating to the length of the words. Which then is divided in linesand pages for easy overview of up to quite large texts."
"10","ggpca","images/ggpca.png","https://cran.r-project.org/web/packages/ggpca/index.html","YaoxiangLi","ggpca","visualization,dimensionality_reduction,PCA,t-SNE,UMAP","true","Yaoxiang Li","Provides tools for creating publication-ready PCA, t-SNE, and UMAP plots.","`ggpca` offers publication-ready dimensionality reduction plots, including Principal Component Analysis (PCA),t-Distributed Stochastic Neighbor Embedding (t-SNE), and Uniform Manifold Approximation and Projection (UMAP). Designed for high-dimensional data visualization, it includes options for custom labels, density plots, and faceting,and is built on the 'ggplot2' framework. Useful for researchers and data scientists in various fields for efficientand insightful data visualization."
"11","ggbreak","images/ggbreak.png","https://github.com/YuLab-SMU/ggbreak","YuLab-SMU","ggbreak","visualization, geoms","true","YuLab-SMU","Set Axis Break for 'ggplot2'","An implementation of scale functions for setting axis breaks of a 'gg' plot."
"12","ggimg","images/ggimg.png","https://github.com/statsmaths/ggimg","statsmaths","ggimg","visualization, geoms","true","statsmaths","Graphics Layers for Plotting Image Data with ggplot2.","Provides two new layer types for displaying image data as layerswithin the Grammar of Graphics framework. Displays images using either arectangle interface, with a fixed bounding box, or a point interface using acentral point and general size parameter. Images can be given as localJPEG or PNG files, external resources, or as a list column containingraster image data."
"13","gganatogram","images/gganatogram.png","https://github.com/jespermaag/gganatogram","jespermaag","gganatogram","anatograms, tissue, visualization, anatomy, expression, pharmacology","false","jespermaag","gganatogram makes it possible to visualise tissues for different organisms or cell compartments.","gganatogram is aimed to users who would like to visualise certain organs or cell compartments based on values, or to highlight tissues. This can be useful when the user easily want to display tissue information e.g. RNA-seq, pharmacology or mutations per tissue."
"14","ggforce","images/ggforce.png","https://github.com/thomasp85/ggforce","thomasp85","ggforce","visualization,general","true","thomasp85","ggforce is aimed at providing missing functionality to ggplot2 through the extension system introduced with ggplot2 v2.0.0.",">"
"15","ggalt","images/ggalt.png","https://github.com/hrbrmstr/ggalt","hrbrmstr","ggalt","visualization,general","true","hrbrmstr","A compendium of ‘geoms’, ‘coords’ and ‘stats’ for ‘ggplot2’.","A compendium of ‘geoms’, ‘coords’ and ‘stats’ for ‘ggplot2’, including splines, 1d and 2d densities, univariate average shifted histograms and a new map coordinate system based on the ‘PROJ.4’-library."
"16","ggiraph","images/ggiraph.png","https://github.com/davidgohel/ggiraph","davidgohel","ggiraph","visualization,general","true","davidgohel","htmlwidget to make 'ggplot' graphics interactive.",">"
"17","ggmuller","images/ggmuller.png","https://cran.r-project.org/web/packages/ggmuller/index.html","robjohnnoble","ggmuller","visualization,evolution,dynamics","true","robjohnnoble","Creates Muller plots for visualizing evolutionary dynamics.","An attempt to set an easy-to-use standard for representing evolutionary dynamics.Should prove useful to researchers in experimental evolution, cancer research, population genetics, and beyond."
"18","ggstance","images/ggstance.png","https://github.com/lionel-/ggstance","lionel-","ggstance","visualization,general","true","lionel-","ggstance implements horizontal versions of common ggplot2 geoms.",">"
"19","ggrepel","images/ggrepel.png","https://github.com/slowkow/ggrepel","slowkow","ggrepel","visualization,general","true","slowkow","Repel overlapping text labels away from each other.",">"
"20","ggraph","images/ggraph.png","https://github.com/thomasp85/ggraph","thomasp85","ggraph","visualization,general","true","thomasp85","ggraph is tailored at plotting graph-like data structures (graphs, networks, trees, hierarchies...).",">"
"21","gginnards","images/gginnards.png","https://docs.r4photobiology.info/gginnards","aphalo","gginnards","visualization,general,layer manipulation,debug","true","aphalo","Find, delete, insert and move plot layers. Delete unused variables from the data stored within a ggplot object. Dump data to the R console.","Package ‘gginnards’ is a set of extensions to R package ‘ggplot2’ (>= 3.0.0). Provides tools making easy to edit and explore ggplot objects.It also provides stats and geom that can be used to dump the data input to geoms and stats to the R console or to summarize it using arbitraryfunctions and then dumping the summary to the R console."
"22","ggpp","images/ggpp.png","https://docs.r4photobiology.info/ggpp","aphalo","ggpp","visualization,general","true","aphalo","Plot annotations, data labels, plot insets, filter labels by local density (geoms, statistics, positions).","Package ‘ggpp’ (Grammar Extensions) is a set of extensions to R package ‘ggplot2’ (>= 3.0.0). Provides `geom_plot()`, `geom_grob()`, `geom_table()` and `stat_fmt_tb()` for insets. Constructors ggplot.ts()` and `ggplot.xts()`. Geometries for margin annotations. Selective annotation of observations in high/low density plot regions and nudging  away from lines or focal points, compatible with `geom_text_repel()` and `geom_label_repel()` from package ‘ggrepel’."
"23","ggpmisc","images/ggpmisc.png","https://docs.r4photobiology.info/ggpmisc","aphalo","ggpmisc","visualization,statistics,general","true","aphalo","Model equation, line, residuals (lm, quantile, MA, rlm, etc.), P, F, AIC, BIC, n, correlation, ANOVA and summary tables, multiple comparisons, peaks and valleys, centroid, data labels.","Package ‘ggpmisc’ (Miscellaneous Extensions to ‘ggplot2’) is a set ofextensions to R package ‘ggplot2’ (>= 3.0.0) with emphasis on annotationsand highlighting related to fitted models and data summaries. scalessuitable for volcano and quadrant plots. Stats for locating peaks andvalleys. See also packages 'gginnards' and 'ggpp' for functions previouslyincluded in 'ggpmisc'."
"24","geomnet","images/geomnet.png","https://github.com/sctyner/geomnet","sctyner","geomnet","visualization,general","false","sctyner","geomnet implements network visualizations in ggplot2 via geom_net.",">"
"25","ggExtra","images/ggExtra.png","https://github.com/daattali/ggExtra","daattali","ggExtra","histogram,marginal,density","true","daattali","ggExtra lets you add marginal density plots or histograms to ggplot2 scatterplots.",">"
"26","ggfortify","images/ggfortify.png","https://github.com/sinhrks/ggfortify","sinhrks","ggfortify","visualization,general","true","terrytangyuan","The unified interface to ggplot2 many popular statistical pakackage results.","Unified plotting tools for statistics commonly used, such as GLM, time series,PCA families, clustering and survival analysis. The package offers a singleplotting interface for these analysis results and plots in a unified styleusing 'ggplot2'."
"27","autoplotly","images/ggfortify.png","https://github.com/terrytangyuan/autoplotly","terrytangyuan","autoplotly","visualization,general","true","terrytangyuan","Automatic generation of interactive visualizations for popular statistical results.","Automatically generate interactive visualizations for popular statistical resultssupported by 'ggfortify', such as time series, PCA, clustering and survival analysis,with 'plotly.js' <https://plot.ly/>  and 'ggplot2' style. The generated visualizationscan also be easily extended using 'ggplot2' and 'plotly' syntax while staying interactive."
"28","gganimate","images/gganimate.gif","https://gganimate.com","thomasp85","gganimate","visualization,general","true","thomasp85","A Grammar of Animated Graphics.","The grammar of graphics as implemented in the 'ggplot2' package hasbeen successful in providing a powerful API for creating static visualisation. In order to extend the API for animated graphics this packageprovides a completely new set of grammar, fully compatible with 'ggplot2' for specifying transitions and animations in a flexible and extensible way."
"29","ggfx","images/ggfx.png","https://ggfx.data-imaginist.com/","thomasp85","ggfx","visualization,general","true","thomasp85","Pixel Filters for 'ggplot2' and 'grid'","Provides a range of filters that can be applied to layers from the 'ggplot2' package and its extensions, along with other graphic elements such as guides and theme elements. The filters are applied at render time and thus uses the exact pixel dimensions needed."
"30","plotROC","images/plotROC.png","https://github.com/sachsmc/plotROC","sachsmc","plotROC","visualization,general","true","sachsmc","plotROC provides functions to generate an interactive ROC curve plot for web use, and print versions.",">"
"31","ggbump","images/ggbump.png","https://github.com/davidsjoberg/ggbump","davidsjoberg","ggbump","visualization,general,geoms","true","davidsjoberg","Bump Chart and Sigmoid Curves.","A geom for ggplot to create bump plots. Can be good to use for showing rank over time."
"32","ggthemes","images/ggthemes.png","https://github.com/jrnold/ggthemes","jrnold","ggthemes","visualization,general,themes","true","jrnold","Some extra geoms, scales, and themes for ggplot.",">"
"33","ggspectra","images/ggspectra.png","https://docs.r4photobiology.info/ggspectra","aphalo","ggspectra","visualization,general","true","aphalo","Plot light-related spectra, peaks, valleys, half maximum, labels with summaries and colours from spectral data (autoplot, stats, geoms, scales).","The goal of ‘ggspectra’ is to make it easy to plot radiation spectra andsimilar data, such and transmittance, absorbance and reflectance spectra,producing fully annotated publication- and presentation-ready plots.Package ‘ggspectra’ provides stats, geoms, scales and functions to beused for plotting radiation-related spectra and annotating the plots withquantities derived from spectral data. All summary quantities implementedin ‘photobiology’ can be used for annotations including biologicallyeffective irradiances and exposures."
"34","ggstatsplot","images/ggstatsplot.png","https://github.com/IndrajeetPatil/ggstatsplot","IndrajeetPatil","ggstatsplot","visualization,statistics","true","IndrajeetPatil","'ggstatsplot' provides a collection of functions to enhance 'ggplot2'plots with results from statistical tests.","Extension of 'ggplot2', 'ggstatsplot' creates graphics withdetails from statistical tests included in the plots themselves. Itprovides an easier syntax to generate information-rich plots forstatistical analysis of continuous (violin plots, scatterplots,histograms, dot plots, dot-and-whisker plots) or categorical (pie andbar charts) data. Currently, it supports the most common types ofstatistical approaches and tests"
"35","ggnetwork","images/ggnetwork.png","https://github.com/briatte/ggnetwork","briatte","ggnetwork","visualization,general","true","briatte","The ggnetwork package provides a way to build network plots with ggplot2.",">"
"36","ggtech","images/ggtech.png","https://github.com/ricardo-bion/ggtech","ricardo-bion","ggtech","visualization,general,themes","false","ricardo-bion","ggplot2 tech themes, scales, and geoms.",">"
"37","ggradar","images/ggradar.png","https://github.com/ricardo-bion/ggradar","ricardo-bion","ggradar","visualization,general","false","ricardo-bion","ggradar allows you to build radar charts with ggplot2.",">"
"38","ggx","images/ggx.png","https://github.com/brandmaier/ggx","brandmaier","ggx","visualization,nlp","true","brandmaier","A Natural Language Interface to 'ggplot2'.","The 'ggplot2' package is the state-of-the-art toolbox for creating and formatting graphs. However, it is easy to forget how certain formatting commands are named and sometimes users find themselves asking"
"39","ggTimeSeries","images/ggTimeSeries.png","https://github.com/Ather-Energy/ggTimeSeries","Ather-Energy","ggTimeSeries","visualization,general","true","Ather-Energy","This R package offers novel time series visualisations.",">"
"40","ggtree","images/ggtree.png","https://guangchuangyu.github.io/ggtree","GuangchuangYu","ggtree","visualization,general","false","GuangchuangYu","gtree is designed for visualizing phylogenetic tree and different types of associated annotation data.",">"
"41","ggseas","images/ggseas.png","https://github.com/ellisp/ggseas","ellisp","ggseas","visualization,general","true","ellisp","Seasonal adjustment on the fly extension for ggplot2.",">"
"42","ggsci","images/ggsci.png","https://nanx.me/ggsci/","road2stat","ggsci","visualization,general","true","road2stat","A collection of ‘ggplot2’ color palettes inspired by scientific journals and science fiction TV shows.",">"
"43","ggmosaic","images/ggmosaic.png","https://github.com/haleyjeppson/ggmosaic","haleyjeppson","ggmosaic","visualization,general","true","haleyjeppson","ggmosaic implements mosaic plots in ‘ggplot2’ via geom_mosaic.",">"
"44","survminer","images/survminer.png","http://www.sthda.com/english/rpkgs/survminer/","kassambara","survminer","visualization,survival","true","kassambara","Drawing Survival Curves using 'ggplot2'","Contains the function 'ggsurvplot()' for drawing easily beautiful and 'ready-to-publish' survival curves with the 'number at risk' table. Other functions are also available for visual examinations of 'cox' model assumptions."
"45","ggeasy","images/ggeasy.png","https://jonocarroll.github.io/ggeasy/","jonocarroll","ggeasy","visualization,teaching","true","jonocarroll","Easy Access to 'ggplot2' Commands","Provides a series of aliases to commonly used but difficult to remember 'ggplot2' sequences."
"46","ggside","images/ggside.png","https://github.com/jtlandis/ggside","jtlandis","ggside","visualization,correlation","true","jtlandis","Side Grammar Graphics","The grammar of graphics as shown in 'ggplot2' has providedan expressive API for users to build plots. 'ggside' extends 'ggplot2' by allowing users to add graphical information about one of the main panel'saxis using a familiar 'ggplot2' style API with tidy data. This package isparticularly useful for visualizing metadata on a discrete axis, or summarygraphics on a continuous axis such as a boxplot or a density distribution."
"47","ggcorrplot","images/ggcorrplot.png","https://rpkgs.datanovia.com/ggcorrplot/","kassambara","ggcorrplot","visualization,correlation","true","kassambara","Visualization of a correlation matrix using 'ggplot2'","The 'ggcorrplot' package can be used to visualize easily acorrelation matrix using 'ggplot2'. It provides a solution for reordering thecorrelation matrix and displays the significance level on the plot. It alsoincludes a function for computing a matrix of correlation p-values."
"48","ggpubr","images/ggpubr.png","https://rpkgs.datanovia.com/ggpubr/","kassambara","ggpubr","visualization,statistics","true","kassambara","‘ggplot2’ Based Publication Ready Plots","The 'ggplot2' package is excellent and flexible for elegant datavisualization in R. However the default generated plots requires some formattingbefore we can send them for publication. Furthermore, to customize a 'ggplot',the syntax is opaque and this raises the level of difficulty for researcherswith no advanced R programming skills. 'ggpubr' provides some easy-to-usefunctions for creating and customizing 'ggplot2'- based publication ready plots."
"49","ggthemr","images/cttobin-ggthemr.png","https://github.com/cttobin/ggthemr","cttobin","ggthemr","visualization,general,themes","false","cttobin",">","Themes for ggplot. The idea of this package is that you can just set the theme and then forget about it. You should not have to change any of your existing code."
"50","GGally","images/ggally.png","https://ggobi.github.io/ggally/","ggobi","ggally","visualization,general","true","ggobi"," ggally extends 'ggplot2' by adding several functions to reduce the complexity of combining geometric objects with transformed data."," ggplot2 is a plotting system based on the grammar of graphics. 'GGally' extends 'ggplot2' by adding several functions to reduce the complexity of combining geometric objects with transformed data. Some of these functions include a pairwise plot matrix, a two group pairwise plot matrix, a parallel coordinates plot, a survival plot, and several functions to plot networks."
"51","ggseqlogo","images/ggseqlogo.png","https://github.com/omarwagih/ggseqlogo","omarwagih","ggseqlogo","visualization,general","true","omarwagih"," Publication-ready sequence logos using ggplot2."," ggseqlogo extends 'ggplot2' allowing users to flexibily plot sequence logos."
"52","ggChernoff","images/ggChernoff.png","https://github.com/Selbosh/ggChernoff","Selbosh","ggChernoff","visualization","true","Selbosh"," Visualise multivariate data using human faces"," Adds geoms, scales and aesthetics to plot 'Chernoff' faces that vary their expression according to your data. Make your data smile or frown, angry or straight-faced, with continuous scales and legend support."
"53","ggridges","images/ggridges.png","https://cran.r-project.org/web/packages/ggridges/vignettes/introduction.html","clauswilke","ggridges","visualization,general","true","clauswilke","Ridgeline plot geoms for 'ggplot2'","Ridgeline plots provide a convenient way of visualizing changes in distributions over time or space. This package enables the creation of such plots in 'ggplot2'."
"54","lemon","images/lemon.png","https://github.com/stefanedwards/lemon","stefanedwards","lemon","visualization,brackets,axis","true","stenfanedwards","Repositioning legends and adding brackets to axes to 'ggplot2'.","Functions for working with legends and axis lines of 'ggplot2', facets that repeat axis lines on all panels, and some 'knitr' extensions."
"55","cowplot","images/cowplot.png","https://cran.r-project.org/web/packages/cowplot/vignettes/introduction.html","wilkelab","cowplot","visualization,general,themes","true","clauswilke","Streamlined plot theme and plot annotations for 'ggplot2'","The package provides a streamlined and clean theme that is used in the Wilke lab, hence the package name, which stands for Claus O. Wilke's plot package. The package also provide functionality to combine multiple 'ggplot2' plots into one, align them, and label them with letters, e.g. A, B, C, etc., as is often required for scientific publications."
"56","qqplotr","images/qqplotr.png","https://github.com/aloy/qqplotr","aloy","qqplotr","quantile-quantile,probability-probability","true","almeidaxan","Quantile-quantile and probability-probability plot extensions for 'ggplot2'","The package extends some 'ggplot2' functionalities by permitting the drawing of quantile-quantile (Q-Q) and probability-probability (P-P) points, lines, and confidence bands. The functions of this package also allow the detrend adjustment, previously proposed in the literature to help reduce visual bias when assessing those type of plots."
"57","ggalluvial","images/ggalluvial.png","https://github.com/corybrunson/ggalluvial","corybrunson","ggalluvial","visualization,categorical,time series","true","corybrunson","A 'ggplot2' extension for alluvial diagrams.","Alluvial diagrams encompass a variety of charts that use x-splines (alluvia and flows), sometimes augmented with stacked bars (lodes or strata), to visualize incidence structures derived from several data types, including repeated categorical measures, evolving classifications, and multi-dimensional categorical data. This package contains stats and geoms that interpret multiple data formats compatible with this framework while hewing to the principles of tidy data and the grammar of graphics."
"58","patchwork","images/thomasp85-patchwork.png","https://github.com/thomasp85/patchwork#patchwork","thomasp85","patchwork","visualization,composition","true","thomasp85","Easy composition of ggplot plots using arithmetic operators","ggplot2 is concerned with single plots, facets notwithstanding, and does not provide a native way to compose multiple plots. patchwork extends the standard ggplot2 API to allow composition with the '+' operator as well as other the means to customize the layout and nest sub-arrangements."
"59","ggquiver","images/ggquiver.png","https://github.com/mitchelloharawild/ggquiver","mitchelloharawild","ggquiver","visualization,quiver,velocity,vector","true","mitchelloharawild","Quiver/velocity plots for 'ggplot2'.","Quiver plots are common a common visualisation method for vector fields. 'ggquiver' provides a new geom which simplifies the creation of these plots, with scaling and centering functionality."
"60","ggsignif","images/ggsignif.png","https://github.com/const-ae/ggsignif","const-ae","ggsignif","visualization,multiple comparisons","true","const-ae and IndrajeetPatil","Significance Brackets for 'ggplot2'.","Enrich your 'ggplots' with group-wise comparisons.This package provides an easy way to indicate if two groups aresignificantly different. Commonly this is shown by a bracket on topconnecting the groups of interest which itself is annotated with thelevel of significance (NS, *, **, ***).  The package provides a singlelayer (geom_signif()) that takes the groups for comparison and thetest (t.test(), wilcox.text() etc.) as arguments and adds theannotation to the plot."
"61","ggdag","images/ggdag.png","https://ggdag.malco.io/","malcolmbarrett","ggdag","visualization,dags,inference","true","malcolmbarrett","Causal directed acyclic graphs (DAGs) in `ggplot2`","Tidy, visualize, and analyze causal DAGs. `ggdag` fuses the `dagitty` package, which contains powerful algorithms for analyzing causal diagrams, with the flexibility of `ggplot2` and `ggraph`."
"62","ggformula","images/projectmosaic-ggformula.png","https://projectmosaic.github.io/ggformula/","ProjectMOSAIC","ggformula","visualization,general,interface","true","rpruim","`ggplot2` via formulas and pipes","`ggformula` provides a formula-based interface for `ggplot2` that uses pipes (`%>%`) for layering."
"63","ggbeeswarm","images/ggbeeswarm.png","https://github.com/eclarke/ggbeeswarm","eclarke","ggbeeswarm","visualization, beeswarm, categorical","true","Erik Clarke and Scott Sherrill-Mix","Create beeswarm plots, which avoids overlapping datapoints.","Beeswarm plots (aka column scatter plots or violin scatter plots) are a way of plotting points that would ordinarily overlap so that they fall next to each other instead. In addition to reducing overplotting, it helps visualize the density of the data at each point (similar to a violin plot), while still showing each data point. `ggbeeswarm `provides two different methods to create beeswarm-style plots using ggplot2. `geom_quasirandom()` uses a van der Corput sequence or Tukey texturing  o space the dots to avoid overplotting. `geom_beeswarm()` uses the Aron Ecklund's `beeswarm` library to do point-size based offset."
"64","ggperiodic","images/ggperiodic-cos.png","https://github.com/eliocamp/ggperiodic","eliocamp","ggperiodic","visualization,periodic","true","eliocamp","Automagically augment periodic data in `ggplot2`","Allows you to wrap periodic data to any arbitrary domain automatically inside the ggplot2 call."
"65","ggpol","images/erocoar-ggpol.png","https://github.com/erocoar/ggpol","erocoar","ggpol","visualization,general","true","erocoar","ggpol adds parliament diagrams and several other geoms to ggplot2.",">"
"66","ggpirate","images/ggpirate.png","https://github.com/mikabr/ggpirate","mikabr","ggpirate","visualization","false","mikabr","Pirate plots for `ggplot2`","A pirate plot (as seen in Nathaniel Phillips's package `yarrr`) is a way of displaying data where a continuous dependent variable is a function of a categorical independent variable, in a more informative way than the traditional barplot. `ggpirate` creates customizable versions of these plots with a single `ggplot2` `geom`, `geom_pirate`."
"67","esquisse","images/esquisse.png","https://github.com/dreamRs/esquisse","dreamrs","esquisse","visualization,interface","true","dreamrs","Explore and Visualize Your Data Interactively with `ggplot2`","A 'shiny' gadget to create 'ggplot2' charts interactively with drag-and-drop to map your variables. You can quickly visualize your data accordingly to their type, export to 'PNG' or 'PowerPoint', and retrieve the code to reproduce the chart."
"68","ggdark","images/nsgrantham-ggdark.png","https://github.com/nsgrantham/ggdark","nsgrantham","ggdark","visualization,general,themes","true","nsgrantham","Dark Mode for `ggplot2` Themes","Activate dark mode on your favorite `ggplot2` theme with `dark_mode()` or use the dark versions of native `ggplot2` themes, including `dark_theme_gray()`, `dark_theme_minimal()`, and others."
"69","sugrrants","images/sugrrants.png","https://pkg.earo.me/sugrrants","earowang","sugrrants","visualization,calendar,time-series","true","earowang","Supporting Graphs for Analysing Temporal Data with `ggplot2`.","Provides 'ggplot2' graphics for analysing temporal data. It aims tofit into the 'tidyverse' and grammar of graphics framework for handlingtemporal data."
"70","tvthemes","images/ryo-n7-tvthemes.png","https://github.com/Ryo-N7/tvthemes","Ryo-N7","tvthemes","visualization,general,palettes,themes","true","Ryo-N7","`ggplot2` Themes & Palettes from popular TV shows!","Contains various `ggplot2` themes and color palettes based on TV showssuch as 'Game of Thrones', 'Brooklyn Nine-Nine', 'The Simpsons','Avatar"
"71","ggfittext","images/ggfittext.png","https://wilkox.org/ggfittext","wilkox","ggfittext","visualization,general,text","true","wilkox","`ggplot2` geoms to fit text in a box","Provides `ggplot2` geoms for automatically resizing and reflowing text tofit in a defined area, including bar and column plots."
"72","ggparty","images/martin-borkovec-ggparty.png","https://github.com/martin-borkovec/ggparty","martin-borkovec","ggparty","visualization,tree,partykit","true","martin-borkovec","`ggplot2` visualizations for the `partykit` package","ggparty aims to extend ggplot2 functionality to the partykit package.It provides the necessary tools to create clearly structured and highly customizable visualizationsfor tree-objects of the class 'party'"
"73","gggenes","images/gggenes.png","https://wilkox.org/gggenes","wilkox","gggenes","visualization,general,genetics","true","wilkox","`ggplot2` geoms to draw gene arrow maps","Provides a 'ggplot2' geom and helper functions for drawing gene arrowmaps, including labelling genes and highlighting subgene regions."
"74","gggenomes","images/gggenomes.png","https://thackl.github.io/gggenomes","thackl","gggenomes","visualization,genetics,genomics","true","thackl","a grammar of graphics for comparative genomics","a `ggplot2`-based versatile graphics package for comparative genomics adding dedicated layers for genes, mappings, syntenic regions, ..., and verbs to for example quickly zoom into gene neighborhoods."
"75","treemapify","images/treemapify.png","https://wilkox.org/treemapify","wilkox","treemapify","visualization,general,treemap","true","wilkox","Draw treemaps in `ggplot2`","Provides `ggplot2` geoms for drawing treemaps, including text labels andup to three levels of nested groups."
"76","lindia","images/lindia.png","https://github.com/yeukyul/lindia","yeukyul","lindia","visualization,general,diagnostics,regression","true","yeukyul","Create diagnostics plots for linear regression","Using `lindia` (short for linear-regression diagnostics), you cancreate all the basic diagnostic plots for a linear regression modelin `ggplot2` with just one function call."
"77","gghalves","images/erocoar-gghalves.png","https://github.com/erocoar/gghalves","erocoar","gghalves","visualization,general","true","erocoar","gghalves adds half-geoms to `ggplot2`.","`gghalves` makes it easy to compose your own half-half plots via `ggplot2`. Think displaying a boxplot next to jittered points, or violin plots side by side with dotplots."
"78","ggrastr","images/vpetukhov-ggrastr.png","https://github.com/VPetukhov/ggrastr","vpetukhov","ggrastr","visualization,raster","true","vpetukhov","Rasterize only specific layers of your plot","`ggrastr` provides set of geoms to rasterize only specific layers of the plot (e.g. large scatterplots)keeping all labels and text in vector format. Allows to keep your plots within the reasonable size limit withoutloosing vector properties of the scale-sensitive information."
"79","ggpointdensity","images/lkremer-ggpointdensity.png","https://github.com/LKremer/ggpointdensity","LKremer","ggpointdensity","visualization,general","true","LKremer","Introduces `geom_pointdensity()`","There are several ways to visualize data points on a 2D coordinate system"
"80","ggsom","images/ggsom.png","https://github.com/oldlipe/ggsom","oldlipe","ggsom","visualization,SOM,multi-dimensional,parallel-coordinates","true","oldlipe","The aim of this package is to offer more variability of graphics based on the self-organizing maps.","Analysis of multidimensional and time series data is useful and pertinent to several different applications, being a challenge due to the volume and complexity of the data.A possible approach for analysis of this kind of data is use clustering algorithms to reduce the dimensionality of the data.This package uses Self-Organizing Map to data dimensionality reduction. Use geom_class() to visualization in parallelel coordinates each neuron of the Self-Organizing Maps."
"81","ggnewscale","images/ggnewscale.png","https://github.com/eliocamp/ggnewscale","eliocamp","ggnewscale","visualization,general,scales","true","eliocamp","Use multiple fill and colour scales in 'ggplot2'.","Attempts to solve the lack of multiple colour scales in ggplot2 using a intuitive and familiar interface."
"82","ggh4x","images/teunbrand-ggh4x.png","https://teunbrand.github.io/ggh4x/","teunbrand","ggh4x","visualization,general,scales,facets","true","teunbrand","Options for tailored facets, multiple colourscales and miscellaneous","Expands options for facetted plots, including nested facets, adjusting sizes and facet-wise position scales.Also hosts a small selection of geoms, stats and positions."
"83","ggarrow","images/teunbrand-ggarrow.png","https://teunbrand.github.io/ggarrow/","teunbrand","ggarrow","visualization, arrows, lines","true","teunbrand","Arrow geoms and arrow theme element with customisation options","ggarrow provides a rich variant of paths with arrows. It includes optionsfor variable-width paths, customisable arrow heads, endpoint dodging, and placing arrow heads along the path."
"84","legendry","images/teunbrand-legendry.png","https://github.com/teunbrand/legendry","teunbrand","legendry","visualization, guide, legend, axis","true","teunbrand","Extended legends and axes","A ggplot2 extension that focusses on expanding the plotter's arsenal of guides. Guides in ggplot2 include axes and legends. legendry offers new axes and annotation options, as well as new legends and colour displays."
"85","ggcharts","images/ggcharts.png","https://thomas-neitmann.github.io/ggcharts/index.html","thomas-neitmann","ggcharts","visualization,general","true","thomas-neitmann","Shorten the distance from data visualization idea to actual plot","ggcharts provides a high-level ggplot2 interface for creating common charts. Its aim is both simple and ambitious:shorten the distance from data visualization idea to actual plot. How so? By taking care of a lot of data preprocessing,obscure ggplot2 details and plot styling for you. The resulting plots are ggplot objects and can be further customizedusing any ggplot2 function."
"86","humapr","images/humapr.png","https://github.com/benskov/humapr","benskov","humapr","visualization,general,tabulation,choropleth","false","benskov","Visualise topographic human data with choropleths","Several domains deal with topographic human data, both exterior on the body surface (e.g., injury research) andinterior (e.g., forensic pathology). This package seeks to offer a straightforward API for visualising such data.For now, the package offers two maps"
"87","ggshadow","images/ggshadow.png","https://github.com/marcmenem/ggshadow","marcmenem","ggshadow","visualization,general","true","marcmenem","Draw a shadow below lines to make busy plots more aesthetically pleasing","A collection of geoms for R's 'ggplot2' library. geom_shadowpath(), geom_shadowline(),geom_shadowstep() and geom_shadowpoint() functions draw a shadow below lines to makebusy plots more aesthetically pleasing. geom_glowpath(), geom_glowline(), geom_glowstep()and geom_glowpoint() add a neon glow around lines to get a steampunk style. "
"88","ggseg","images/ggseg-ext.png","https://github.com/LCBC-UiO/ggseg","LCBC-UiO","ggseg","visualization,brain imaging","true","Athanasiamo","Draw polygons of brain atlas segmentations","In neuroimaging, it is common to segment the brain intofinite smaller number of regions that share some property(function, neuroanatomy etc). `ggseg()` makes it possibleto visualize these segmentations using polygons."
"89","mdthemes","images/mdthemes.png","https://github.com/thomas-neitmann/mdthemes","thomas-neitmann","mdthemes","visualization,themes","false","thomas-neitmann","'ggplot2' themes that render text as markdown/HTML","`{mdthemes}` provides themes that render text as markdown/HTML. This enablesmaking individual words bold or italics as well as coloring them."
"90","ggwordcloud","images/ggwordcloud.png","https://lepennec.github.io/ggwordcloud/","lepennec","ggwordcloud","visualization,text","true","lepennec","A word cloud text geom for 'ggplot2'.","`ggwordcloud` provides a word cloud text geom for `ggplot2`.The placement algorithm implemented in C++ is an hybrid between the one of `wordcloud`and the one of `wordcloud2.js`. The cloud can grow according to a shape and stay within a mask.The size aesthetic is used either to control the font size or the printed area of the words.`ggwordcloud` also supports arbitrary text rotation. The faceting scheme of `ggplot2` can also be used.Two functions meant to be the equivalent of `wordcloud` and `wordcloud2` are proposed.Last but not least you can use `gridtext` markdown/html syntax in the labels."
"91","ggasym","images/ggasym.png","https://jhrcook.github.io/ggasym/index.html","jhrcook","ggasym","visualization,multi-dimensional,matrix,scales","false","jhrcook","Asymmetric matrix plotting with multiple scales.","‘ggasym’ plots a symmetric matrix with three different fill aesthetics for the top-left and bottom-right triangles and along the diagonal.It operates within the Grammar of Graphics paradigm implemented in ‘ggplot2’."
"92","gglorenz","images/gglorenz.png","https://github.com/jjchern/gglorenz","jjchern","gglorenz","visualization,general,statistics","true","jjchern","Plotting Lorenz curves with the blessing of ggplot2.","`gglorenz` provides statistical transformations for plotting empirical ordinary Lorenz curve (Lorenz 1905) <doi:10.2307/2276207> and generalized Lorenz curve (Shorrocks 1983) <doi:10.2307/2554117>."
"93","hrbrthemes","images/hrbrmstr-hrbrthemes.png","https://github.com/hrbrmstr/hrbrthemes","hrbrmstr","hrbrthemes","theme,typography","true","hrbrmstr","A compilation of extra {ggplot2} themes, scales and utilities, including a spell check function for plot label fields and an overall emphasis on typography.","`hrbrthemes` is a very focused package that provides typography-centric themes and theme components for ggplot2.The core theme"
"94","ggpattern","images/ggpattern.png","https://github.com/trevorld/ggpattern","trevorld","ggpattern","visualization,pattern","true","coolbutuseless","Pattern fills for ggplot2 geoms.","`ggpattern` provides geoms to use within ggplot which can be filled with patterns.Supported patterns include stripes, dots, checks, image files, gradients, etc."
"95","ggtext","images/ggtext.png","https://wilkelab.org/ggtext/","clauswilke","ggtext","general,theme,typography","true","Claus Wilke","Improved text rendering support for `ggplot2`","`ggtext` provides simple Markdown and HTML rendering for ggplot2."
"96","calendR","images/calendR.png","https://r-coder.com/calendar-plot-r/","R-CoderDotCom","calendR","visualization, calendar, time-series","true","R-CoderDotCom","Ready to Print Monthly and Yearly Calendars","Contains the function calendR() for creating fully customizable monthly and yearly calendars (colors, fonts, formats, ...) and even heatmap calendars.In addition, it allows saving the calendars in ready to print A4 format PDF files."
"97","ggip","images/ggip.png","https://davidchall.github.io/ggip/","davidchall","ggip","visualization, cyber, space-filling curves","true","davidchall","Data visualization of IP addresses and networks","`ggip` provides a coordinate system that maps IP data to the 2D grid, usinga space-filling curve (either the Hilbert or Morton curve). This data canthen be used with regular `ggplot2` layers or with custom `ggip` layers."
"98","gglm","images/gglm.png","https://graysonwhite.github.io/gglm/","graysonwhite","gglm","visualization,modeling,diagnostic","true","graysonwhite","Grammar of Graphics for linear model diagnostic plots.","`gglm`, The Grammar of Graphics for Linear Model Diagnostics, is a package thatcreates beautiful `ggplot2` diagnostic plots for linear models that are easy to useand adhere to The Grammar of Graphics. The purpose of this package is to provide asensible alternative to using the base-R `plot()` function to produce diagnostic plotsfor linear models."
"99","econocharts","images/econocharts.png","https://r-coder.com/economics-charts-r/","R-CoderDotCom","econocharts","economics, microeconomics, macroeconomics","false","R-CoderDotCom","Microeconomics and Macroeconomics Charts","Contains several functions for creating fully-customizable microeconomics or macroeconomics charts,such as supply and demand curves, indifference curves, production-possibility frontiers or Laffer curves."
"100","ComplexUpset","images/krassowski-complex-upset.png","https://github.com/krassowski/complex-upset","krassowski","complex-upset","visualization,venn,set,intersections,venn-diagram,upset","true","krassowski","Visualize set intersections and add `ggplot2` annotations","UpSet plots are an improvement over Venn Diagram for set overlap visualizations.Striving to bring the best of the 'UpSetR' and 'ggplot2', this package offers a way to createcomplex overlap visualisations, using simple and familiar tools, i.e. geoms of 'ggplot2'.For introduction to UpSet concept, see Lex et al. (2014)."
"101","ggchromatic","images/teunbrand-ggchromatic.png","https://teunbrand.github.io/ggchromatic/","teunbrand","ggchromatic","visualization,scales","false","teunbrand","Colourspace Scales for 'ggplot2'","The 'ggchromatic' package provides additional colour and fill scales to use with 'ggplot2'. Using the 'ggplot2' extension system, so called chromatic scales are introduced that map a mix of continuous and discrete variables to the channels of different colour spaces. "
"102","ggheatmap ","images/ggheatmap.png","https://github.com/XiaoLuo-boy/ggheatmap","XiaoLuo-boy","ggheatmap","visualization, heatmap","true","XiaoLuo-boy","ggplot2 version of heatmap","The flexibility and excellence of 'ggplot2' is unquestionable, so many drawing tools basically need 'ggplot2' as the operating object. In order to develop a heatmap drawing system based on ggplot2, we developed this tool, mainly to solve the heatmap puzzle problem and the flexible connection between the heatmap and the 'ggplot2' object. The advantages of this tool are as follows"
"103","see","images/see.png","https://github.com/easystats/see","easystats","see","visualizations,statistics","true","easystats","Visualisation Toolbox for 'easystats' and Extra Geoms, Themes and Color Palettes for 'ggplot2'","Provides plotting utilities supportingeasystats-packages (<https://github.com/easystats/easystats>) and someextra themes, geoms, and scales for 'ggplot2'. Color scales are basedon <https://www.materialui.co/colors>."
"104","directlabels","images/directlabels.png","http://tdhock.github.io/directlabels","tdhock","directlabels","visualization, direct-labels, positioning, general, plot-labelling","true","tdhock","Framework for adding direct labels to lattice or ggplot2 plots.","Modern plotting packages like lattice and ggplot2 show automatic legends based on the variable specified for color, but these legends can be oftenconfusing if there are too many colors. To help with this, the directlabelspackage provides direct variable-labelling on intuitively placed positionswhich are a useful, clear and more attractive alternative to those confusing legends observed in many common plots."
"105","ggHoriPlot","images/ggHoriPlot.png","https://github.com/rivasiker/ggHoriPlot","rivasiker","ggHoriPlot","visualization,general,horizon-plot,time-series","true","rivasiker","Horizon Plots for `ggplot2`","`ggHoriPlot` is a user-friendly, highly customizable R package for buildinghorizon plots in `ggplot2`, where both the origin of the horizon plot and the cutpoints of the different intervals can be user-speficied for greater flexibility. "
"106","ggtrace","images/ggtrace.png","https://rnabioco.github.io/ggtrace/","rnabioco","ggtrace","visualization","true","sheridar","Outline groups of data points using ggplot2",">    Provides 'ggplot2' geoms that allow groups of data points to be outlined orhighlighted for emphasis. This is particularly useful when working with densedatasets that are prone to overplotting."
"107","ggESDA","images/ggESDA.png","https://github.com/kiangkiangkiang/ggESDA","kiangkiangkiang","ggESDA","visualization,symbolic data,interval-valued data","true","kiangkiangkiang","Exploratory Symbolic Data Analysis with 'ggplot2'."," The 'ggESDA' package provides the advanced graphic techniques including the  multivariate visualization, exhibition with modal multi-valued and interval-valued, and classification by color mapping. Also, summarize the classical data into symbolic data by various customized method."
"108","geomtextpath","images/geomtextpath.png","https://allancameron.github.io/geomtextpath/","AllanCameron","geomtextpath","typography,plot-labelling,visualization","true","AllanCameron","Create curved text and directly label lines in `ggplot`","Directly labelling your plots with text that follows the curves of your data not only makes for a pretty plot. It can function as an alternative to a legend, freeing up valuable space, and makes plots easier for a general audience to understand. With support for bidirectional text,richtext, plotmath and even simple feature (sf) maps, `geomtextpath`aims to make annotating plots simple and accessible."
"109","ggdensity","images/ggdensity.png","https://jamesotto852.github.io/ggdensity","jamesotto852","ggdensity","visualization,density-estimation","true","jamesotto852","Interpretable bivariate density visualization with highest density regions","`ggdensity` provides `geom_hdr()` and `geom_hdr_lines()` as drop-inreplacements for `ggplot2` functions `geom_density_2d_filled()` and`geom_density_2d()`, facilitating the plotting of highest density regions (HDRs) in place of arbitrary density contours. A variety of statisticallyrigorous density estimators are available, as well as helper functions`geom_hdr_fun()` and `geom_hdr_lines_fun()` for plotting HDRs of (potentially un-normalized) user-specified bivariate probability density functions."
"110","ggtranscript","images/dzhang32-ggtranscript.png","https://dzhang32.github.io/ggtranscript/","dzhang32","ggtranscript","visualization,genetics,genomics,transcripts,annotation","false","dzhang32","Visualizing transcript structure and annotation using `ggplot2`","The goal of ggtranscript is the simplify the process of visualizing transcript structure and annotation. To achieve this, ggtranscript introduces 5 new geoms (geom_range(), geom_half_range(), geom_intron(), geom_junction() and geom_junction_label_repel()) as well as several helperfunctions. As a ggplot2 extension, ggtranscript inherits ggplot2's familiarity and flexibility, enabling users to intuitively adjust aesthetics, parameters, scales etc as well as complement ggtranscript geoms with existing ggplot2 geoms to create informative, publication-ready plots."
"111","piecepackr","images/piecepackr-piecepackr.png","https://trevorldavis.com/piecepackr","piecepackr","piecepackr","board games, geoms","true","trevorld","Board game graphics","  Functions to make board game graphics with the 'ggplot2', 'grid', 'rayrender', 'rayvertex', and 'rgl' packages.  Specializes in game diagrams, animations, and ""Print & Play"" layouts for the 'piecepack' <https://www.ludism.org/ppwiki> but can make graphics for other board game systems.  Includes configurations for several public domain game systems such as checkers, (double-18) dominoes, go, 'piecepack', playing cards, etc."
"112","oblicubes","images/trevorld-oblicubes.png","https://trevorldavis.com/R/oblicubes","trevorld","oblicubes","visualization, geoms","true","trevorld","3D Rendering Using Obliquely Projected Cubes and Cuboids","  Three-dimensional rendering for 'grid' and 'ggplot2' graphics using cubes and cuboids drawn with an oblique projection.  As a special case also supports primary view orthographic projections.  Can be viewed as an extension to the 'isocubes' package <https://github.com/coolbutuseless/isocubes>."
"113","ggDoubleHeat","images/ggdoubleheat.png","https://github.com/PursuitOfDataScience/ggDoubleHeat","PursuitOfDataScience","ggDoubleHeat","visualization, geoms","true","PursuitOfDataScience","A heatmap-like visualization tool","A data visualization design that provides comparison between two (Double) data sources (usually on a par with each other) on one reformed heatmap, while inheriting 'ggplot2' features.  "
"114","nflplotR","images/nflplotR.png","https://nflplotr.nflverse.com","nflverse","nflplotR","general,scales,geoms,images,theme,elements","true","mrcaseb","'nflplotR' provides a set of functions to visualize National Football League analysis in 'ggplot2'.","The goal of 'nflplotR' is to provide functions and geoms that help visualization of images and NFL related analysis. It provides 'ggplot2' geoms and theme elements that do the heavy lifting of plotting images in high quality, with correct aspect ratio and other image modification functions."
"115","ggbraid","images/ggbraid.png","https://nsgrantham.github.io/ggbraid","nsgrantham","ggbraid","visualization,general,geoms","false","nsgrantham","Braid ribbons in `ggplot2`.","ggbraid provides a new stat, `stat_braid()`, that extends the functionality of `geom_ribbon()` to correctlyfill the area between two alternating lines (or steps) with two different colors. ggbraid also providesa geom, `geom_braid()`, that wraps `geom_ribbon()` and uses `stat_braid()` by default."
"116","ggblanket","images/ggblanket.png","https://davidhodge931.github.io/ggblanket/articles/ggblanket.html","davidhodge931","ggblanket","visualization","true","davidhodge931","Simplify ggplot2 visualisation","Simplify ggplot2 visualisation with ggblanket wrapper functions.  "
"117","ggpie","images/ggpie.png","https://github.com/showteeth/ggpie","showteeth","ggpie","visualization,general,pie,donut,rose pie","true","showteeth","Create pie and donut plot using `ggplot2`.","`ggpie` aims to create **pie (2D and 3D)**, **donut** and **rose pie** plot with the `ggplot2` plotting system which implemented the grammar of graphics. It contains four main functions:1. `ggpie`"
"118","ggstar","images/ggstar.png","https://github.com/xiangpin/ggstar","xiangpin","ggstar","visualization, different shape points","true","xiangpin","Multiple Geometric Shape Point Layer for 'ggplot2'","To create the multiple polygonal point layer for easily discernible shapes,we developed the package, it is like the 'geom_point' of 'ggplot2'."
"119","ggarchery","images/ggarchery.png","https://github.com/mdhall272/ggarchery","mdhall272","ggarchery","visualization, arrows","true","mdhall272","Flexible segment geoms with arrows for 'ggplot2'","Enhanced arrow segments for control of the position of the arrowhead on the line, multiple arrowheads, and shrinkage of segments to prevent arrows colliding with their 'targets' without alterations to coordinates"
"120","tidyterra","images/tidyterra.png","https://github.com/dieghernan/tidyterra","dieghernan","tidyterra","visualization, raster, spatial","true","dieghernan","'ggplot2' geoms for  'terra' rasters and vectors","'geom_' functions that provide a convenient way of visualizing SpatRastersand SpatVectors generated with the 'terra' package."
"121","ggseqplot","images/ggseqplot.png","https://maraab23.github.io/ggseqplot","maraab23","ggseqplot","visualization,sequence analysis","true","maraab23","'ggseqplot' renders sequence plots using ggplot2.","'ggseqplot' provides a set of functions that reproduce some of the sequence plots from 'TraMineR::seqplot' and 'TraMineRextras' using 'ggplot2'. These plots are produced on the basis of a sequence object defined with 'TraMineR::seqdef'. The package automates the reshaping and plotting of sequence data. Resulting plots are of class ggplot, i.e. components can be added and tweaked using '+' and regular ggplot2 functions."
"122","ggsurvfit","images/ddsjoberg-ggsurvfit.png","http://www.danieldsjoberg.com/ggsurvfit/","ddsjoberg","ggsurvfit","visualization,survival,statistics","true","ddsjoberg","Flexible Time-to-Event Figures","Ease the creation of time-to-event (i.e. survival) endpointfigures. The modular functions create figures ready for publication.Each of the functions that add to or modify the figure are written asproper 'ggplot2' geoms or stat methods, allowing the functions fromthis package to be combined with any function or customization from'ggplot2' and other 'ggplot2' extension packages."
"123","ggsector","images/ggsector.png","https://github.com/yanpd01/ggsector","yanpd01","ggsector","visualization, geoms, sector, fan","true","yanpd01","Create sector plots using `ggplot2`.","`ggsector` provides a new geom, `geom_sector()`, a grid-based layerfunction that conforms to the `ggplot2` layer syntax.`ggsector` mainly provides two sector drawing modes, one is to draw sectorsbased on `draw_panel` when `individual = FALSE`, and the other is to drawsectors based on `draw_group` when `individual = TRUE`."
"124","ggterror","images/mivalek-ggterror.png","https://github.com/mivaek/ggterrorbar","mivalek","ggterrorbar","visualization, geoms","false","mivalek","Create T-errorbars like in THAT paper","`ggterror` provides a new geom, `geom_terrorbar()` that swaps errorbars for the letter Tjust like they did in the now retracted legendary paper from July 2022 special issue ofHindawi's journal Advances in Materials Science and Engineering."
"125","ggragged","images/mikmart-ggragged.png","https://mikmart.github.io/ggragged/","mikmart","ggragged","facets","true","mikmart","Facets for panel layouts with ragged edges","`ggragged` adds new facets to group panels in rows or columns of(potentially) varying widths, creating panel layouts with ragged edges."
"126","ggmapinset","images/ggmapinset.png","https://cidm-ph.github.io/ggmapinset/","cidm-ph","ggmapinset","visualization,spatial","true","arcresu","Add zoomed inset panels to your ggplot maps","Helper to add insets based on `geom_sf()` from 'ggplot2'. This package gives you adrop-in replacement for `geom_sf()` that supports adding a zoomed inset map withouthaving to create and embed a separate plot."
"127","ggmagnify","images/hughjonesd-ggmagnify.png","https://github.com/hughjonesd/ggmagnify","hughjonesd","ggmagnify","visualization,geoms,inset,zoom,magnification","false","hughjonesd","Create a magnified inset of part of a ggplot object. ","ggmagnify creates a magnified inset of part of a ggplot object. Borders can be drawn around the target area and the inset, along with projection lines from one to the other. The inset can have a drop shadow. The magnified area can be a rectangle, an ellipse or an arbitrary shape. Maps, faceting and non-standard scales are supported."
"128","ggblend","images/mjskay-ggblend.png","https://mjskay.github.io/ggblend/","mjskay","ggblend","visualization,blending,affine transformation,layer algebra,compositing","true","mjskay","Algebra of operations for blending, copying, adjusting, transforming, andcompositing ggplot2 layers.","ggblend is a small algebra for manipulating ggplot2 layers (e.g., statsand geoms). It supports copying and adjusting the aesthetics or parametersof an existing layer, partitioning a layer into multiple pieces forre-composition, applying affine transformations to layers, and combininglayers (or partitions of layers) using blend modes (including commutativeblend modes, like multiply and darken). Blend mode support is particularlyuseful for creating plots with overlapping groups where the layer drawingorder does not change the output."
"129","ggflowchart","images/nrennie-ggflowchart.png","https://nrennie.github.io/ggflowchart/","nrennie","ggflowchart","visualization,flowchart,network,diagram","true","nrennie","Create flowcharts using `ggplot2`.","Flowcharts can be a useful way to visualise complex processes. This package uses the layered grammar of graphics of 'ggplot2' to create simple flowcharts. It supports changing the outline and fill colour of nodes based on node attributes, custom node labels, ability to add arrow labels, and tree-based or user-specified layouts. It is compatible with 'ggplot2' functions, and those from existing 'ggplot2' extension packages, allowing extensive customisation."
"130","ggrain","images/ggrain.png","https://github.com/njudd/ggrain","njudd","ggrain","visualization, general","true","njudd","Raincloud geom for 'ggplot2'","Raincloud plots are a visualization tool which puts the raw data next to a box plot and a violin plot.This allows you to immediately visualize the full distribution of your data! Our package offers the function ‘geom_rain()’ to make rainclouds, it can make multiple groups and connect observations over time."
"131","ggoutlierscatterplot","images/ggoutlierscatterplot.png","https://github.com/lukastay/ggoutlierscatterplot","lukastay","ggoutlierscatterplot","visualization,outlier,outliers,scatterplot,algorithms,algorithm,regression","false","lukastay","Visualize multidimensional outlier detection algorithms","Displays scatterplots that visualize outliers.Works with five multidimensional outlier detection algorithms.Higher degrees of abnormality are shown in larger, more red, and less transparent dots."
"132","ggautothemes","images/ggautothemes.png","https://github.com/lukastay/ggautothemes/tree/master","lukastay","ggautothemes","visualization,theme,themeing,color,fill,hue,ggthemes","false","lukastay","Quickly see how different themes will look on your ggplot visual.","Takes in a ggplot visual.Outputs a ""slideshow"" (sleep functions are used to allow time to look upon graphs) that unfolds in your plot pane in RStudio.High quality TIFF raster images can be outputted for professional use."
"133","AMR","images/amr.png","https://msberends.github.io/AMR/","msberends","AMR","visualization,epidemiology,color,fill","true","msberends","Plotting AMR results for SIR categories, MIC values, and disk diffusion diameters","Specialized for visualizing antimicrobial resistance data, it offers intuitive, it offers intuitive, customizable plotsfor SIR categorizations, MIC distributions, and disk diffusion data, simplifying complex microbiological analyses."
"134","ichimoku","images/ichimoku.png","https://shikokuchuo.net/ichimoku/","shikokuchuo","ichimoku","visualization,time-series,finance,trading,candlestick","true","shikokuchuo","Visualization and Tools for Ichimoku Kinko Hyo Strategies","An implementation of ‘Ichimoku Kinko Hyo’, also commonly known as ‘cloud charts’.As described in Sasaki (1996, ISBN:4925152009), the technique is a refinementon candlestick charting, originating from Japan and now in widespread use intechnical analysis worldwide. Translating as ‘one-glance equilibrium chart’, itallows the price action and market structure of financial securities to bedetermined ‘at-a-glance’. "
"135","eheat","images/eheat.png","https://github.com/Yunuuuu/eheat","Yunuuuu","eheat","visualization,heatmap","false","Yunuuuu","Extended ComplexHeatmap with ggplot2","This package serves as a bridge between the ggplot2 and ComplexHeatmap packages. Essentially, all ggplot2 geometries and operations can be utilized in ComplexHeatmap through the eheat package, with the exception of facet operations (and you shouldn’t do it in eheat package). Fortunately, ComplexHeatmapis capable of handling these operations independently, rendering them unnecessary."
"136","ggstats","images/ggstat.png","https://larmarange.github.io/ggstats/","larmarange","ggstats","visualization,p-values,forest plot,geoms,positions,statistics,Likert","true","larmarange","Forest plots of model coefficients, Likert plots and custom proportions","This package provides new statistics, new geometries and new positions for 'ggplot2' and a suite of functions to facilitate the creation of statistical plots such asforest plots of model coefficients, bar plots for Likert-type items, customproportions or survey data."
"137","ggfoundry","images/cgoo4-ggfoundry.png","https://cgoo4.github.io/ggfoundry/","cgoo4","ggfoundry","visualization,geoms,color,fill,shapes","true","cgoo4","Shape Foundry & Geom for 'ggplot2'.","Hand-crafted colourable & fillable shapes."
"138","ggalign","images/ggalign.png","https://yunuuuu.github.io/ggalign/","Yunuuuu","ggalign","visualization,heatmap","true","Yunuuuu","A 'ggplot2' Extension for Consistent Axis Alignment","This package extends ggplot2 by providing advanced tools for aligning and organizing multiple plots, particularly those that automatically reorder observations, such as dendrogram. It offers fine control over layout adjustment and plot annotations, enabling you to create complex, publication-quality visualizations while still using the familiar grammar of ggplot2. "
"139","ggreveal","images/ggreveal.png","https://weverthon.com/ggreveal/","weverthonmachado","ggreveal","visualization,presentation,slides","true","weverthonmachado","Reveal a 'ggplot' Incrementally","Provides functions that make it easy to reveal 'ggplot2' graphsincrementally. The functions take a plot produced with 'ggplot2' andreturn a list of plots showing data incrementally by panels, layers,groups, the values in an axis or any arbitrary aesthetic."
"140","geofacet","images/geofacet_us_unemp.png","https://hafen.github.io/geofacet/","hafen","geofacet","visualization,facet,facets,geo,geography,composition","true","hafen","Easy faceting according to geographic position","This R package provides geofaceting functionality for ggplot2. Geofaceting arranges a sequence of plots of data for different geographical entities into a grid that strives to preserve some of the original geographical orientation of the entities."
"141","tidyplots","images/tidyplots.png","https://tidyplots.org","jbengler","tidyplots","visualization,general,theme,color,statistics","true","jbengler","Tidy plots for scientific papers","The goal of tidyplots is to streamline the creation of publication-ready plots for scientific papers. It allows to gradually add, remove and adjust plot components using a consistent and intuitive syntax."
"142","rphylopic","images/rphylopic.png","https://rphylopic.palaeoverse.org/","palaeoverse","rphylopic","visualization,silhouettes,images,biology","true","willgearty","Get and use silhouettes of organisms from PhyloPic","Work with the PhyloPic Web Service (<http://api-docs.phylopic.org/v2/>) to fetch silhouette images of organisms. Includes functions for adding silhouettes to both base R plots and ggplot2 plots."
"143","deeptime","images/deeptime.png","https://williamgearty.com/deeptime","willgearty","deeptime","visualization,earth sciences,phylogenetics,pattern,color,time-series","true","willgearty","Plotting tools for anyone working in deep time","The primary goal of deeptime is to enable users to add highly customizable timescales to their visualizations. Other functions are also included to assist with other areas of deep time visualization."
